casme2-sub01,C:\Users\User\Documents\UKM\Project\Dataset\Consolidated Dataset\organized\happiness\casme2-sub01_EP02_01f-happiness.jpg,happiness
casme2-sub01,C:\Users\User\Documents\UKM\Project\Dataset\Consolidated Dataset\organized\disgust\casme2-sub01_EP19_05f-disgust.jpg,disgust
casme2-sub01,C:\Users\User\Documents\UKM\Project\Dataset\Consolidated Dataset\organized\disgust\casme2-sub01_EP19_06f-disgust.jpg,disgust
casme2-sub02,C:\Users\User\Documents\UKM\Project\Dataset\Consolidated Dataset\organized\happiness\casme2-sub02_EP09_01-happiness.jpg,happiness
casme2-sub02,C:\Users\User\Documents\UKM\Project\Dataset\Consolidated Dataset\organized\surprise\casme2-sub02_EP11_01-surprise.jpg,surprise
casme2-sub02,C:\Users\User\Documents\UKM\Project\Dataset\Consolidated Dataset\organized\surprise\casme2-sub02_EP13_04-surprise.jpg,surprise
casme2-sub02,C:\Users\User\Documents\UKM\Project\Dataset\Consolidated Dataset\organized\surprise\casme2-sub02_EP14_01-surprise.jpg,surprise
casme2-sub03,C:\Users\User\Documents\UKM\Project\Dataset\Consolidated Dataset\organized\surprise\casme2-sub03_EP01_2-surprise.jpg,surprise
casme2-sub03,C:\Users\User\Documents\UKM\Project\Dataset\Consolidated Dataset\organized\disgust\casme2-sub03_EP07_04-disgust.jpg,disgust
casme2-sub03,C:\Users\User\Documents\UKM\Project\Dataset\Consolidated Dataset\organized\disgust\casme2-sub03_EP09_03-disgust.jpg,disgust
casme2-sub03,C:\Users\User\Documents\UKM\Project\Dataset\Consolidated Dataset\organized\disgust\casme2-sub03_EP18_06-disgust.jpg,disgust
casme2-sub03,C:\Users\User\Documents\UKM\Project\Dataset\Consolidated Dataset\organized\disgust\casme2-sub03_EP19_08-disgust.jpg,disgust
casme2-sub04,C:\Users\User\Documents\UKM\Project\Dataset\Consolidated Dataset\organized\disgust\casme2-sub04_EP12_01f-disgust.jpg,disgust
casme2-sub04,C:\Users\User\Documents\UKM\Project\Dataset\Consolidated Dataset\organized\disgust\casme2-sub04_EP12_02f-disgust.jpg,disgust
casme2-sub04,C:\Users\User\Documents\UKM\Project\Dataset\Consolidated Dataset\organized\disgust\casme2-sub04_EP13_06f-disgust.jpg,disgust
casme2-sub05,C:\Users\User\Documents\UKM\Project\Dataset\Consolidated Dataset\organized\surprise\casme2-sub05_EP02_07-surprise.jpg,surprise
casme2-sub05,C:\Users\User\Documents\UKM\Project\Dataset\Consolidated Dataset\organized\happiness\casme2-sub05_EP03_01-happiness.jpg,happiness
casme2-sub05,C:\Users\User\Documents\UKM\Project\Dataset\Consolidated Dataset\organized\surprise\casme2-sub05_EP03_06-surprise.jpg,surprise
casme2-sub05,C:\Users\User\Documents\UKM\Project\Dataset\Consolidated Dataset\organized\surprise\casme2-sub05_EP04_05-surprise.jpg,surprise
casme2-sub05,C:\Users\User\Documents\UKM\Project\Dataset\Consolidated Dataset\organized\surprise\casme2-sub05_EP04_06-surprise.jpg,surprise
casme2-sub05,C:\Users\User\Documents\UKM\Project\Dataset\Consolidated Dataset\organized\disgust\casme2-sub05_EP09_05f-disgust.jpg,disgust
casme2-sub05,C:\Users\User\Documents\UKM\Project\Dataset\Consolidated Dataset\organized\surprise\casme2-sub05_EP12_03f-surprise.jpg,surprise
casme2-sub06,C:\Users\User\Documents\UKM\Project\Dataset\Consolidated Dataset\organized\happiness\casme2-sub06_EP01_01-happiness.jpg,happiness
casme2-sub06,C:\Users\User\Documents\UKM\Project\Dataset\Consolidated Dataset\organized\surprise\casme2-sub06_EP02_31-surprise.jpg,surprise
casme2-sub06,C:\Users\User\Documents\UKM\Project\Dataset\Consolidated Dataset\organized\surprise\casme2-sub06_EP15_02-surprise.jpg,surprise
casme2-sub06,C:\Users\User\Documents\UKM\Project\Dataset\Consolidated Dataset\organized\disgust\casme2-sub06_EP16_05-disgust.jpg,disgust
casme2-sub07,C:\Users\User\Documents\UKM\Project\Dataset\Consolidated Dataset\organized\disgust\casme2-sub07_EP01_01-disgust.jpg,disgust
casme2-sub07,C:\Users\User\Documents\UKM\Project\Dataset\Consolidated Dataset\organized\disgust\casme2-sub07_EP06_02_01-disgust.jpg,disgust
casme2-sub07,C:\Users\User\Documents\UKM\Project\Dataset\Consolidated Dataset\organized\disgust\casme2-sub07_EP06_02_02-disgust.jpg,disgust
casme2-sub07,C:\Users\User\Documents\UKM\Project\Dataset\Consolidated Dataset\organized\disgust\casme2-sub07_EP08_02-disgust.jpg,disgust
casme2-sub07,C:\Users\User\Documents\UKM\Project\Dataset\Consolidated Dataset\organized\disgust\casme2-sub07_EP15_01-disgust.jpg,disgust
casme2-sub09,C:\Users\User\Documents\UKM\Project\Dataset\Consolidated Dataset\organized\happiness\casme2-sub09_EP02_01f-happiness.jpg,happiness
casme2-sub09,C:\Users\User\Documents\UKM\Project\Dataset\Consolidated Dataset\organized\happiness\casme2-sub09_EP05_05-happiness.jpg,happiness
casme2-sub09,C:\Users\User\Documents\UKM\Project\Dataset\Consolidated Dataset\organized\happiness\casme2-sub09_EP06_02f-happiness.jpg,happiness
casme2-sub09,C:\Users\User\Documents\UKM\Project\Dataset\Consolidated Dataset\organized\happiness\casme2-sub09_EP09f-happiness.jpg,happiness
casme2-sub09,C:\Users\User\Documents\UKM\Project\Dataset\Consolidated Dataset\organized\fear\casme2-sub09_EP13_02-fear.jpg,fear
casme2-sub09,C:\Users\User\Documents\UKM\Project\Dataset\Consolidated Dataset\organized\happiness\casme2-sub09_EP15_05-happiness.jpg,happiness
casme2-sub10,C:\Users\User\Documents\UKM\Project\Dataset\Consolidated Dataset\organized\fear\casme2-sub10_EP13_01-fear.jpg,fear
casme2-sub11,C:\Users\User\Documents\UKM\Project\Dataset\Consolidated Dataset\organized\disgust\casme2-sub11_EP08_01f-disgust.jpg,disgust
casme2-sub11,C:\Users\User\Documents\UKM\Project\Dataset\Consolidated Dataset\organized\disgust\casme2-sub11_EP13_02f-disgust.jpg,disgust
casme2-sub11,C:\Users\User\Documents\UKM\Project\Dataset\Consolidated Dataset\organized\disgust\casme2-sub11_EP13_03f-disgust.jpg,disgust
casme2-sub11,C:\Users\User\Documents\UKM\Project\Dataset\Consolidated Dataset\organized\disgust\casme2-sub11_EP13_05f-disgust.jpg,disgust
casme2-sub12,C:\Users\User\Documents\UKM\Project\Dataset\Consolidated Dataset\organized\disgust\casme2-sub12_EP01_02-disgust.jpg,disgust
casme2-sub12,C:\Users\User\Documents\UKM\Project\Dataset\Consolidated Dataset\organized\surprise\casme2-sub12_EP02_05-surprise.jpg,surprise
casme2-sub12,C:\Users\User\Documents\UKM\Project\Dataset\Consolidated Dataset\organized\happiness\casme2-sub12_EP03_04-happiness.jpg,happiness
casme2-sub12,C:\Users\User\Documents\UKM\Project\Dataset\Consolidated Dataset\organized\disgust\casme2-sub12_EP04_16-disgust.jpg,disgust
casme2-sub12,C:\Users\User\Documents\UKM\Project\Dataset\Consolidated Dataset\organized\surprise\casme2-sub12_EP06_06-surprise.jpg,surprise
casme2-sub12,C:\Users\User\Documents\UKM\Project\Dataset\Consolidated Dataset\organized\surprise\casme2-sub12_EP08_01-surprise.jpg,surprise
casme2-sub12,C:\Users\User\Documents\UKM\Project\Dataset\Consolidated Dataset\organized\surprise\casme2-sub12_EP08_03-surprise.jpg,surprise
casme2-sub12,C:\Users\User\Documents\UKM\Project\Dataset\Consolidated Dataset\organized\happiness\casme2-sub12_EP08_07-happiness.jpg,happiness
casme2-sub12,C:\Users\User\Documents\UKM\Project\Dataset\Consolidated Dataset\organized\disgust\casme2-sub12_EP09_02-disgust.jpg,disgust
casme2-sub12,C:\Users\User\Documents\UKM\Project\Dataset\Consolidated Dataset\organized\disgust\casme2-sub12_EP09_06-disgust.jpg,disgust
casme2-sub12,C:\Users\User\Documents\UKM\Project\Dataset\Consolidated Dataset\organized\disgust\casme2-sub12_EP16_02-disgust.jpg,disgust
casme2-sub13,C:\Users\User\Documents\UKM\Project\Dataset\Consolidated Dataset\organized\happiness\casme2-sub13_EP03_01-happiness.jpg,happiness
casme2-sub13,C:\Users\User\Documents\UKM\Project\Dataset\Consolidated Dataset\organized\happiness\casme2-sub13_EP09_10-happiness.jpg,happiness
casme2-sub14,C:\Users\User\Documents\UKM\Project\Dataset\Consolidated Dataset\organized\happiness\casme2-sub14_EP09_03-happiness.jpg,happiness
casme2-sub14,C:\Users\User\Documents\UKM\Project\Dataset\Consolidated Dataset\organized\happiness\casme2-sub14_EP09_04-happiness.jpg,happiness
casme2-sub14,C:\Users\User\Documents\UKM\Project\Dataset\Consolidated Dataset\organized\happiness\casme2-sub14_EP09_06-happiness.jpg,happiness
casme2-sub15,C:\Users\User\Documents\UKM\Project\Dataset\Consolidated Dataset\organized\happiness\casme2-sub15_EP03_02-happiness.jpg,happiness
casme2-sub15,C:\Users\User\Documents\UKM\Project\Dataset\Consolidated Dataset\organized\surprise\casme2-sub15_EP04_02-surprise.jpg,surprise
casme2-sub15,C:\Users\User\Documents\UKM\Project\Dataset\Consolidated Dataset\organized\disgust\casme2-sub15_EP08_02-disgust.jpg,disgust
casme2-sub16,C:\Users\User\Documents\UKM\Project\Dataset\Consolidated Dataset\organized\happiness\casme2-sub16_EP01_05-happiness.jpg,happiness
casme2-sub16,C:\Users\User\Documents\UKM\Project\Dataset\Consolidated Dataset\organized\happiness\casme2-sub16_EP04_02f-happiness.jpg,happiness
casme2-sub17,C:\Users\User\Documents\UKM\Project\Dataset\Consolidated Dataset\organized\happiness\casme2-sub17_EP01_06-happiness.jpg,happiness
casme2-sub17,C:\Users\User\Documents\UKM\Project\Dataset\Consolidated Dataset\organized\surprise\casme2-sub17_EP01_13-surprise.jpg,surprise
casme2-sub17,C:\Users\User\Documents\UKM\Project\Dataset\Consolidated Dataset\organized\happiness\casme2-sub17_EP01_15-happiness.jpg,happiness
casme2-sub17,C:\Users\User\Documents\UKM\Project\Dataset\Consolidated Dataset\organized\disgust\casme2-sub17_EP02_01-disgust.jpg,disgust
casme2-sub17,C:\Users\User\Documents\UKM\Project\Dataset\Consolidated Dataset\organized\disgust\casme2-sub17_EP02_03-disgust.jpg,disgust
casme2-sub17,C:\Users\User\Documents\UKM\Project\Dataset\Consolidated Dataset\organized\disgust\casme2-sub17_EP02_11-disgust.jpg,disgust
casme2-sub17,C:\Users\User\Documents\UKM\Project\Dataset\Consolidated Dataset\organized\disgust\casme2-sub17_EP03_02-disgust.jpg,disgust
casme2-sub17,C:\Users\User\Documents\UKM\Project\Dataset\Consolidated Dataset\organized\happiness\casme2-sub17_EP03_09-happiness.jpg,happiness
casme2-sub17,C:\Users\User\Documents\UKM\Project\Dataset\Consolidated Dataset\organized\happiness\casme2-sub17_EP05_02-happiness.jpg,happiness
casme2-sub17,C:\Users\User\Documents\UKM\Project\Dataset\Consolidated Dataset\organized\happiness\casme2-sub17_EP05_03-happiness.jpg,happiness
casme2-sub17,C:\Users\User\Documents\UKM\Project\Dataset\Consolidated Dataset\organized\disgust\casme2-sub17_EP06_04-disgust.jpg,disgust
casme2-sub17,C:\Users\User\Documents\UKM\Project\Dataset\Consolidated Dataset\organized\happiness\casme2-sub17_EP06_07-happiness.jpg,happiness
casme2-sub17,C:\Users\User\Documents\UKM\Project\Dataset\Consolidated Dataset\organized\disgust\casme2-sub17_EP07_01-disgust.jpg,disgust
casme2-sub17,C:\Users\User\Documents\UKM\Project\Dataset\Consolidated Dataset\organized\disgust\casme2-sub17_EP08_02-disgust.jpg,disgust
casme2-sub17,C:\Users\User\Documents\UKM\Project\Dataset\Consolidated Dataset\organized\disgust\casme2-sub17_EP11_01-disgust.jpg,disgust
casme2-sub17,C:\Users\User\Documents\UKM\Project\Dataset\Consolidated Dataset\organized\disgust\casme2-sub17_EP11_02-disgust.jpg,disgust
casme2-sub17,C:\Users\User\Documents\UKM\Project\Dataset\Consolidated Dataset\organized\disgust\casme2-sub17_EP13_03-disgust.jpg,disgust
casme2-sub17,C:\Users\User\Documents\UKM\Project\Dataset\Consolidated Dataset\organized\disgust\casme2-sub17_EP13_04-disgust.jpg,disgust
casme2-sub17,C:\Users\User\Documents\UKM\Project\Dataset\Consolidated Dataset\organized\disgust\casme2-sub17_EP13_06-disgust.jpg,disgust
casme2-sub17,C:\Users\User\Documents\UKM\Project\Dataset\Consolidated Dataset\organized\happiness\casme2-sub17_EP13_09-happiness.jpg,happiness
casme2-sub17,C:\Users\User\Documents\UKM\Project\Dataset\Consolidated Dataset\organized\sadness\casme2-sub17_EP15_01-sadness.jpg,sadness
casme2-sub17,C:\Users\User\Documents\UKM\Project\Dataset\Consolidated Dataset\organized\sadness\casme2-sub17_EP15_03-sadness.jpg,sadness
casme2-sub17,C:\Users\User\Documents\UKM\Project\Dataset\Consolidated Dataset\organized\disgust\casme2-sub17_EP16_01f-disgust.jpg,disgust
casme2-sub17,C:\Users\User\Documents\UKM\Project\Dataset\Consolidated Dataset\organized\disgust\casme2-sub17_EP18_07-disgust.jpg,disgust
casme2-sub19,C:\Users\User\Documents\UKM\Project\Dataset\Consolidated Dataset\organized\happiness\casme2-sub19_EP01_01f-happiness.jpg,happiness
casme2-sub19,C:\Users\User\Documents\UKM\Project\Dataset\Consolidated Dataset\organized\happiness\casme2-sub19_EP01_02f-happiness.jpg,happiness
casme2-sub19,C:\Users\User\Documents\UKM\Project\Dataset\Consolidated Dataset\organized\surprise\casme2-sub19_EP02_01-surprise.jpg,surprise
casme2-sub19,C:\Users\User\Documents\UKM\Project\Dataset\Consolidated Dataset\organized\surprise\casme2-sub19_EP06_01f-surprise.jpg,surprise
casme2-sub19,C:\Users\User\Documents\UKM\Project\Dataset\Consolidated Dataset\organized\happiness\casme2-sub19_EP08_02-happiness.jpg,happiness
casme2-sub19,C:\Users\User\Documents\UKM\Project\Dataset\Consolidated Dataset\organized\surprise\casme2-sub19_EP11_04f-surprise.jpg,surprise
casme2-sub19,C:\Users\User\Documents\UKM\Project\Dataset\Consolidated Dataset\organized\disgust\casme2-sub19_EP13_01-disgust.jpg,disgust
casme2-sub19,C:\Users\User\Documents\UKM\Project\Dataset\Consolidated Dataset\organized\disgust\casme2-sub19_EP16_01-disgust.jpg,disgust
casme2-sub19,C:\Users\User\Documents\UKM\Project\Dataset\Consolidated Dataset\organized\disgust\casme2-sub19_EP16_02-disgust.jpg,disgust
casme2-sub19,C:\Users\User\Documents\UKM\Project\Dataset\Consolidated Dataset\organized\surprise\casme2-sub19_EP19_02-surprise.jpg,surprise
casme2-sub19,C:\Users\User\Documents\UKM\Project\Dataset\Consolidated Dataset\organized\surprise\casme2-sub19_EP19_03-surprise.jpg,surprise
casme2-sub19,C:\Users\User\Documents\UKM\Project\Dataset\Consolidated Dataset\organized\sadness\casme2-sub19_EP19_04-sadness.jpg,sadness
casme2-sub20,C:\Users\User\Documents\UKM\Project\Dataset\Consolidated Dataset\organized\disgust\casme2-sub20_EP01_03-disgust.jpg,disgust
casme2-sub20,C:\Users\User\Documents\UKM\Project\Dataset\Consolidated Dataset\organized\disgust\casme2-sub20_EP06_03-disgust.jpg,disgust
casme2-sub23,C:\Users\User\Documents\UKM\Project\Dataset\Consolidated Dataset\organized\happiness\casme2-sub23_EP02_01-happiness.jpg,happiness
casme2-sub23,C:\Users\User\Documents\UKM\Project\Dataset\Consolidated Dataset\organized\disgust\casme2-sub23_EP03_14f-disgust.jpg,disgust
casme2-sub23,C:\Users\User\Documents\UKM\Project\Dataset\Consolidated Dataset\organized\disgust\casme2-sub23_EP05_25f-disgust.jpg,disgust
casme2-sub23,C:\Users\User\Documents\UKM\Project\Dataset\Consolidated Dataset\organized\disgust\casme2-sub23_EP12_02f-disgust.jpg,disgust
casme2-sub23,C:\Users\User\Documents\UKM\Project\Dataset\Consolidated Dataset\organized\disgust\casme2-sub23_EP12_03-disgust.jpg,disgust
casme2-sub24,C:\Users\User\Documents\UKM\Project\Dataset\Consolidated Dataset\organized\disgust\casme2-sub24_EP01_08-disgust.jpg,disgust
casme2-sub24,C:\Users\User\Documents\UKM\Project\Dataset\Consolidated Dataset\organized\disgust\casme2-sub24_EP02_02f-disgust.jpg,disgust
casme2-sub24,C:\Users\User\Documents\UKM\Project\Dataset\Consolidated Dataset\organized\surprise\casme2-sub24_EP07_01-surprise.jpg,surprise
casme2-sub24,C:\Users\User\Documents\UKM\Project\Dataset\Consolidated Dataset\organized\surprise\casme2-sub24_EP07_04f-surprise.jpg,surprise
casme2-sub24,C:\Users\User\Documents\UKM\Project\Dataset\Consolidated Dataset\organized\surprise\casme2-sub24_EP10_03-surprise.jpg,surprise
casme2-sub24,C:\Users\User\Documents\UKM\Project\Dataset\Consolidated Dataset\organized\surprise\casme2-sub24_EP18_03-surprise.jpg,surprise
casme2-sub25,C:\Users\User\Documents\UKM\Project\Dataset\Consolidated Dataset\organized\disgust\casme2-sub25_EP09_02-disgust.jpg,disgust
casme2-sub25,C:\Users\User\Documents\UKM\Project\Dataset\Consolidated Dataset\organized\disgust\casme2-sub25_EP10_01-disgust.jpg,disgust
casme2-sub25,C:\Users\User\Documents\UKM\Project\Dataset\Consolidated Dataset\organized\surprise\casme2-sub25_EP10_10-surprise.jpg,surprise
casme2-sub25,C:\Users\User\Documents\UKM\Project\Dataset\Consolidated Dataset\organized\surprise\casme2-sub25_EP12_01-surprise.jpg,surprise
casme2-sub25,C:\Users\User\Documents\UKM\Project\Dataset\Consolidated Dataset\organized\disgust\casme2-sub25_EP18_04f-disgust.jpg,disgust
casme2-sub26,C:\Users\User\Documents\UKM\Project\Dataset\Consolidated Dataset\organized\happiness\casme2-sub26_EP03_10-happiness.jpg,happiness
casme2-sub26,C:\Users\User\Documents\UKM\Project\Dataset\Consolidated Dataset\organized\disgust\casme2-sub26_EP09_04-disgust.jpg,disgust
casme2-sub26,C:\Users\User\Documents\UKM\Project\Dataset\Consolidated Dataset\organized\disgust\casme2-sub26_EP09_09-disgust.jpg,disgust
casme2-sub26,C:\Users\User\Documents\UKM\Project\Dataset\Consolidated Dataset\organized\happiness\casme2-sub26_EP13_02-happiness.jpg,happiness
casme2-sub26,C:\Users\User\Documents\UKM\Project\Dataset\Consolidated Dataset\organized\disgust\casme2-sub26_EP13_11-disgust.jpg,disgust
casme2-sub26,C:\Users\User\Documents\UKM\Project\Dataset\Consolidated Dataset\organized\sadness\casme2-sub26_EP15_01-sadness.jpg,sadness
casme2-sub26,C:\Users\User\Documents\UKM\Project\Dataset\Consolidated Dataset\organized\disgust\casme2-sub26_EP16_01-disgust.jpg,disgust
casme2-sub26,C:\Users\User\Documents\UKM\Project\Dataset\Consolidated Dataset\organized\disgust\casme2-sub26_EP18_44-disgust.jpg,disgust
casme2-sub26,C:\Users\User\Documents\UKM\Project\Dataset\Consolidated Dataset\organized\disgust\casme2-sub26_EP18_47-disgust.jpg,disgust
casme2-sub26,C:\Users\User\Documents\UKM\Project\Dataset\Consolidated Dataset\organized\disgust\casme2-sub26_EP18_49-disgust.jpg,disgust
casme2-sub26,C:\Users\User\Documents\UKM\Project\Dataset\Consolidated Dataset\organized\disgust\casme2-sub26_EP18_50-disgust.jpg,disgust
casme2-sub26,C:\Users\User\Documents\UKM\Project\Dataset\Consolidated Dataset\organized\disgust\casme2-sub26_EP18_51-disgust.jpg,disgust
samm-006,C:\Users\User\Documents\UKM\Project\Dataset\Consolidated Dataset\organized\anger\samm-006_1_2-anger.jpg,anger
samm-006,C:\Users\User\Documents\UKM\Project\Dataset\Consolidated Dataset\organized\anger\samm-006_1_3-anger.jpg,anger
samm-006,C:\Users\User\Documents\UKM\Project\Dataset\Consolidated Dataset\organized\anger\samm-006_1_4-anger.jpg,anger
samm-006,C:\Users\User\Documents\UKM\Project\Dataset\Consolidated Dataset\organized\anger\samm-006_1_5-anger.jpg,anger
samm-006,C:\Users\User\Documents\UKM\Project\Dataset\Consolidated Dataset\organized\anger\samm-006_1_6-anger.jpg,anger
samm-006,C:\Users\User\Documents\UKM\Project\Dataset\Consolidated Dataset\organized\anger\samm-006_2_4-anger.jpg,anger
samm-006,C:\Users\User\Documents\UKM\Project\Dataset\Consolidated Dataset\organized\sadness\samm-006_3_4-sadness.jpg,sadness
samm-006,C:\Users\User\Documents\UKM\Project\Dataset\Consolidated Dataset\organized\surprise\samm-006_3_5-surprise.jpg,surprise
samm-006,C:\Users\User\Documents\UKM\Project\Dataset\Consolidated Dataset\organized\fear\samm-006_5_10-fear.jpg,fear
samm-006,C:\Users\User\Documents\UKM\Project\Dataset\Consolidated Dataset\organized\anger\samm-006_5_11-anger.jpg,anger
samm-006,C:\Users\User\Documents\UKM\Project\Dataset\Consolidated Dataset\organized\surprise\samm-006_5_9-surprise.jpg,surprise
samm-007,C:\Users\User\Documents\UKM\Project\Dataset\Consolidated Dataset\organized\fear\samm-007_3_1-fear.jpg,fear
samm-007,C:\Users\User\Documents\UKM\Project\Dataset\Consolidated Dataset\organized\surprise\samm-007_5_3-surprise.jpg,surprise
samm-007,C:\Users\User\Documents\UKM\Project\Dataset\Consolidated Dataset\organized\happiness\samm-007_6_1-happiness.jpg,happiness
samm-007,C:\Users\User\Documents\UKM\Project\Dataset\Consolidated Dataset\organized\happiness\samm-007_6_2-happiness.jpg,happiness
samm-007,C:\Users\User\Documents\UKM\Project\Dataset\Consolidated Dataset\organized\happiness\samm-007_6_3-happiness.jpg,happiness
samm-007,C:\Users\User\Documents\UKM\Project\Dataset\Consolidated Dataset\organized\happiness\samm-007_6_5-happiness.jpg,happiness
samm-007,C:\Users\User\Documents\UKM\Project\Dataset\Consolidated Dataset\organized\surprise\samm-007_7_1-surprise.jpg,surprise
samm-007,C:\Users\User\Documents\UKM\Project\Dataset\Consolidated Dataset\organized\happiness\samm-007_7_5-happiness.jpg,happiness
samm-009,C:\Users\User\Documents\UKM\Project\Dataset\Consolidated Dataset\organized\fear\samm-009_2_1-fear.jpg,fear
samm-009,C:\Users\User\Documents\UKM\Project\Dataset\Consolidated Dataset\organized\anger\samm-009_3_2-anger.jpg,anger
samm-009,C:\Users\User\Documents\UKM\Project\Dataset\Consolidated Dataset\organized\anger\samm-009_3_3-anger.jpg,anger
samm-009,C:\Users\User\Documents\UKM\Project\Dataset\Consolidated Dataset\organized\surprise\samm-009_3_4-surprise.jpg,surprise
samm-010,C:\Users\User\Documents\UKM\Project\Dataset\Consolidated Dataset\organized\anger\samm-010_2_1-anger.jpg,anger
samm-010,C:\Users\User\Documents\UKM\Project\Dataset\Consolidated Dataset\organized\anger\samm-010_2_8-anger.jpg,anger
samm-010,C:\Users\User\Documents\UKM\Project\Dataset\Consolidated Dataset\organized\anger\samm-010_4_1-anger.jpg,anger
samm-010,C:\Users\User\Documents\UKM\Project\Dataset\Consolidated Dataset\organized\anger\samm-010_4_2-anger.jpg,anger
samm-011,C:\Users\User\Documents\UKM\Project\Dataset\Consolidated Dataset\organized\anger\samm-011_1_4-anger.jpg,anger
samm-011,C:\Users\User\Documents\UKM\Project\Dataset\Consolidated Dataset\organized\disgust\samm-011_2_1-disgust.jpg,disgust
samm-011,C:\Users\User\Documents\UKM\Project\Dataset\Consolidated Dataset\organized\disgust\samm-011_2_2-disgust.jpg,disgust
samm-011,C:\Users\User\Documents\UKM\Project\Dataset\Consolidated Dataset\organized\disgust\samm-011_2_3-disgust.jpg,disgust
samm-011,C:\Users\User\Documents\UKM\Project\Dataset\Consolidated Dataset\organized\happiness\samm-011_2_7-happiness.jpg,happiness
samm-011,C:\Users\User\Documents\UKM\Project\Dataset\Consolidated Dataset\organized\anger\samm-011_3_1-anger.jpg,anger
samm-011,C:\Users\User\Documents\UKM\Project\Dataset\Consolidated Dataset\organized\happiness\samm-011_3_4-happiness.jpg,happiness
samm-011,C:\Users\User\Documents\UKM\Project\Dataset\Consolidated Dataset\organized\happiness\samm-011_3_5-happiness.jpg,happiness
samm-011,C:\Users\User\Documents\UKM\Project\Dataset\Consolidated Dataset\organized\happiness\samm-011_3_6-happiness.jpg,happiness
samm-011,C:\Users\User\Documents\UKM\Project\Dataset\Consolidated Dataset\organized\anger\samm-011_4_1-anger.jpg,anger
samm-011,C:\Users\User\Documents\UKM\Project\Dataset\Consolidated Dataset\organized\anger\samm-011_4_12-anger.jpg,anger
samm-011,C:\Users\User\Documents\UKM\Project\Dataset\Consolidated Dataset\organized\anger\samm-011_4_13-anger.jpg,anger
samm-011,C:\Users\User\Documents\UKM\Project\Dataset\Consolidated Dataset\organized\contempt\samm-011_4_2-contempt.jpg,contempt
samm-011,C:\Users\User\Documents\UKM\Project\Dataset\Consolidated Dataset\organized\contempt\samm-011_5_1-contempt.jpg,contempt
samm-011,C:\Users\User\Documents\UKM\Project\Dataset\Consolidated Dataset\organized\disgust\samm-011_6_1-disgust.jpg,disgust
samm-011,C:\Users\User\Documents\UKM\Project\Dataset\Consolidated Dataset\organized\happiness\samm-011_6_13-happiness.jpg,happiness
samm-011,C:\Users\User\Documents\UKM\Project\Dataset\Consolidated Dataset\organized\happiness\samm-011_6_5-happiness.jpg,happiness
samm-011,C:\Users\User\Documents\UKM\Project\Dataset\Consolidated Dataset\organized\happiness\samm-011_6_6-happiness.jpg,happiness
samm-011,C:\Users\User\Documents\UKM\Project\Dataset\Consolidated Dataset\organized\disgust\samm-011_7_1-disgust.jpg,disgust
samm-011,C:\Users\User\Documents\UKM\Project\Dataset\Consolidated Dataset\organized\contempt\samm-011_7_10-contempt.jpg,contempt
samm-012,C:\Users\User\Documents\UKM\Project\Dataset\Consolidated Dataset\organized\fear\samm-012_3_1-fear.jpg,fear
samm-012,C:\Users\User\Documents\UKM\Project\Dataset\Consolidated Dataset\organized\fear\samm-012_3_2-fear.jpg,fear
samm-012,C:\Users\User\Documents\UKM\Project\Dataset\Consolidated Dataset\organized\surprise\samm-012_7_1-surprise.jpg,surprise
samm-013,C:\Users\User\Documents\UKM\Project\Dataset\Consolidated Dataset\organized\anger\samm-013_1_10-anger.jpg,anger
samm-013,C:\Users\User\Documents\UKM\Project\Dataset\Consolidated Dataset\organized\anger\samm-013_1_11-anger.jpg,anger
samm-013,C:\Users\User\Documents\UKM\Project\Dataset\Consolidated Dataset\organized\anger\samm-013_1_12-anger.jpg,anger
samm-013,C:\Users\User\Documents\UKM\Project\Dataset\Consolidated Dataset\organized\anger\samm-013_1_8-anger.jpg,anger
samm-013,C:\Users\User\Documents\UKM\Project\Dataset\Consolidated Dataset\organized\anger\samm-013_1_9-anger.jpg,anger
samm-013,C:\Users\User\Documents\UKM\Project\Dataset\Consolidated Dataset\organized\anger\samm-013_7_7-anger.jpg,anger
samm-014,C:\Users\User\Documents\UKM\Project\Dataset\Consolidated Dataset\organized\fear\samm-014_1_1-fear.jpg,fear
samm-014,C:\Users\User\Documents\UKM\Project\Dataset\Consolidated Dataset\organized\surprise\samm-014_2_3-surprise.jpg,surprise
samm-014,C:\Users\User\Documents\UKM\Project\Dataset\Consolidated Dataset\organized\happiness\samm-014_2_4-happiness.jpg,happiness
samm-014,C:\Users\User\Documents\UKM\Project\Dataset\Consolidated Dataset\organized\happiness\samm-014_3_3-happiness.jpg,happiness
samm-014,C:\Users\User\Documents\UKM\Project\Dataset\Consolidated Dataset\organized\happiness\samm-014_3_4-happiness.jpg,happiness
samm-014,C:\Users\User\Documents\UKM\Project\Dataset\Consolidated Dataset\organized\contempt\samm-014_5_2-contempt.jpg,contempt
samm-014,C:\Users\User\Documents\UKM\Project\Dataset\Consolidated Dataset\organized\happiness\samm-014_6_1-happiness.jpg,happiness
samm-014,C:\Users\User\Documents\UKM\Project\Dataset\Consolidated Dataset\organized\happiness\samm-014_6_2-happiness.jpg,happiness
samm-014,C:\Users\User\Documents\UKM\Project\Dataset\Consolidated Dataset\organized\happiness\samm-014_6_3-happiness.jpg,happiness
samm-014,C:\Users\User\Documents\UKM\Project\Dataset\Consolidated Dataset\organized\happiness\samm-014_7_1-happiness.jpg,happiness
samm-015,C:\Users\User\Documents\UKM\Project\Dataset\Consolidated Dataset\organized\sadness\samm-015_5_1-sadness.jpg,sadness
samm-015,C:\Users\User\Documents\UKM\Project\Dataset\Consolidated Dataset\organized\contempt\samm-015_5_2-contempt.jpg,contempt
samm-015,C:\Users\User\Documents\UKM\Project\Dataset\Consolidated Dataset\organized\surprise\samm-015_5_3-surprise.jpg,surprise
samm-016,C:\Users\User\Documents\UKM\Project\Dataset\Consolidated Dataset\organized\anger\samm-016_7_1-anger.jpg,anger
samm-016,C:\Users\User\Documents\UKM\Project\Dataset\Consolidated Dataset\organized\surprise\samm-016_7_2-surprise.jpg,surprise
samm-016,C:\Users\User\Documents\UKM\Project\Dataset\Consolidated Dataset\organized\anger\samm-016_7_3-anger.jpg,anger
samm-016,C:\Users\User\Documents\UKM\Project\Dataset\Consolidated Dataset\organized\surprise\samm-016_7_5-surprise.jpg,surprise
samm-016,C:\Users\User\Documents\UKM\Project\Dataset\Consolidated Dataset\organized\happiness\samm-016_7_8-happiness.jpg,happiness
samm-017,C:\Users\User\Documents\UKM\Project\Dataset\Consolidated Dataset\organized\contempt\samm-017_3_1-contempt.jpg,contempt
samm-017,C:\Users\User\Documents\UKM\Project\Dataset\Consolidated Dataset\organized\surprise\samm-017_3_2-surprise.jpg,surprise
samm-017,C:\Users\User\Documents\UKM\Project\Dataset\Consolidated Dataset\organized\contempt\samm-017_3_4-contempt.jpg,contempt
samm-017,C:\Users\User\Documents\UKM\Project\Dataset\Consolidated Dataset\organized\anger\samm-017_6_1-anger.jpg,anger
samm-018,C:\Users\User\Documents\UKM\Project\Dataset\Consolidated Dataset\organized\disgust\samm-018_3_1-disgust.jpg,disgust
samm-018,C:\Users\User\Documents\UKM\Project\Dataset\Consolidated Dataset\organized\sadness\samm-018_5_1-sadness.jpg,sadness
samm-018,C:\Users\User\Documents\UKM\Project\Dataset\Consolidated Dataset\organized\surprise\samm-018_7_1-surprise.jpg,surprise
samm-019,C:\Users\User\Documents\UKM\Project\Dataset\Consolidated Dataset\organized\happiness\samm-019_4_1-happiness.jpg,happiness
samm-020,C:\Users\User\Documents\UKM\Project\Dataset\Consolidated Dataset\organized\contempt\samm-020_4_1-contempt.jpg,contempt
samm-020,C:\Users\User\Documents\UKM\Project\Dataset\Consolidated Dataset\organized\happiness\samm-020_4_2-happiness.jpg,happiness
samm-020,C:\Users\User\Documents\UKM\Project\Dataset\Consolidated Dataset\organized\anger\samm-020_7_1-anger.jpg,anger
samm-020,C:\Users\User\Documents\UKM\Project\Dataset\Consolidated Dataset\organized\happiness\samm-020_7_10-happiness.jpg,happiness
samm-021,C:\Users\User\Documents\UKM\Project\Dataset\Consolidated Dataset\organized\anger\samm-021_7_1-anger.jpg,anger
samm-021,C:\Users\User\Documents\UKM\Project\Dataset\Consolidated Dataset\organized\anger\samm-021_7_2-anger.jpg,anger
samm-022,C:\Users\User\Documents\UKM\Project\Dataset\Consolidated Dataset\organized\anger\samm-022_2_3-anger.jpg,anger
samm-022,C:\Users\User\Documents\UKM\Project\Dataset\Consolidated Dataset\organized\anger\samm-022_3_2-anger.jpg,anger
samm-022,C:\Users\User\Documents\UKM\Project\Dataset\Consolidated Dataset\organized\happiness\samm-022_3_3-happiness.jpg,happiness
samm-022,C:\Users\User\Documents\UKM\Project\Dataset\Consolidated Dataset\organized\anger\samm-022_4_1-anger.jpg,anger
samm-022,C:\Users\User\Documents\UKM\Project\Dataset\Consolidated Dataset\organized\happiness\samm-022_5_1-happiness.jpg,happiness
samm-023,C:\Users\User\Documents\UKM\Project\Dataset\Consolidated Dataset\organized\anger\samm-023_1_1-anger.jpg,anger
samm-024,C:\Users\User\Documents\UKM\Project\Dataset\Consolidated Dataset\organized\disgust\samm-024_2_1-disgust.jpg,disgust
samm-026,C:\Users\User\Documents\UKM\Project\Dataset\Consolidated Dataset\organized\anger\samm-026_1_1-anger.jpg,anger
samm-026,C:\Users\User\Documents\UKM\Project\Dataset\Consolidated Dataset\organized\anger\samm-026_2_1-anger.jpg,anger
samm-026,C:\Users\User\Documents\UKM\Project\Dataset\Consolidated Dataset\organized\anger\samm-026_2_2-anger.jpg,anger
samm-026,C:\Users\User\Documents\UKM\Project\Dataset\Consolidated Dataset\organized\anger\samm-026_2_3-anger.jpg,anger
samm-026,C:\Users\User\Documents\UKM\Project\Dataset\Consolidated Dataset\organized\anger\samm-026_3_3-anger.jpg,anger
samm-026,C:\Users\User\Documents\UKM\Project\Dataset\Consolidated Dataset\organized\anger\samm-026_3_4-anger.jpg,anger
samm-026,C:\Users\User\Documents\UKM\Project\Dataset\Consolidated Dataset\organized\contempt\samm-026_5_1-contempt.jpg,contempt
samm-026,C:\Users\User\Documents\UKM\Project\Dataset\Consolidated Dataset\organized\contempt\samm-026_6_1-contempt.jpg,contempt
samm-026,C:\Users\User\Documents\UKM\Project\Dataset\Consolidated Dataset\organized\disgust\samm-026_7_3-disgust.jpg,disgust
samm-028,C:\Users\User\Documents\UKM\Project\Dataset\Consolidated Dataset\organized\contempt\samm-028_4_1-contempt.jpg,contempt
samm-028,C:\Users\User\Documents\UKM\Project\Dataset\Consolidated Dataset\organized\surprise\samm-028_4_3-surprise.jpg,surprise
samm-028,C:\Users\User\Documents\UKM\Project\Dataset\Consolidated Dataset\organized\surprise\samm-028_4_4-surprise.jpg,surprise
samm-030,C:\Users\User\Documents\UKM\Project\Dataset\Consolidated Dataset\organized\anger\samm-030_1_1-anger.jpg,anger
samm-030,C:\Users\User\Documents\UKM\Project\Dataset\Consolidated Dataset\organized\anger\samm-030_1_2-anger.jpg,anger
samm-030,C:\Users\User\Documents\UKM\Project\Dataset\Consolidated Dataset\organized\anger\samm-030_5_1-anger.jpg,anger
samm-031,C:\Users\User\Documents\UKM\Project\Dataset\Consolidated Dataset\organized\anger\samm-031_3_1-anger.jpg,anger
samm-032,C:\Users\User\Documents\UKM\Project\Dataset\Consolidated Dataset\organized\anger\samm-032_3_1-anger.jpg,anger
samm-032,C:\Users\User\Documents\UKM\Project\Dataset\Consolidated Dataset\organized\anger\samm-032_3_2-anger.jpg,anger
samm-032,C:\Users\User\Documents\UKM\Project\Dataset\Consolidated Dataset\organized\anger\samm-032_4_2-anger.jpg,anger
samm-032,C:\Users\User\Documents\UKM\Project\Dataset\Consolidated Dataset\organized\sadness\samm-032_6_1-sadness.jpg,sadness
samm-033,C:\Users\User\Documents\UKM\Project\Dataset\Consolidated Dataset\organized\happiness\samm-033_1_3-happiness.jpg,happiness
samm-033,C:\Users\User\Documents\UKM\Project\Dataset\Consolidated Dataset\organized\sadness\samm-033_1_4-sadness.jpg,sadness
samm-033,C:\Users\User\Documents\UKM\Project\Dataset\Consolidated Dataset\organized\anger\samm-033_1_5-anger.jpg,anger
samm-033,C:\Users\User\Documents\UKM\Project\Dataset\Consolidated Dataset\organized\anger\samm-033_2_1-anger.jpg,anger
samm-033,C:\Users\User\Documents\UKM\Project\Dataset\Consolidated Dataset\organized\anger\samm-033_2_2-anger.jpg,anger
samm-034,C:\Users\User\Documents\UKM\Project\Dataset\Consolidated Dataset\organized\anger\samm-034_3_1-anger.jpg,anger
samm-034,C:\Users\User\Documents\UKM\Project\Dataset\Consolidated Dataset\organized\anger\samm-034_7_2-anger.jpg,anger
samm-034,C:\Users\User\Documents\UKM\Project\Dataset\Consolidated Dataset\organized\anger\samm-034_7_3-anger.jpg,anger
samm-035,C:\Users\User\Documents\UKM\Project\Dataset\Consolidated Dataset\organized\anger\samm-035_1_1-anger.jpg,anger
samm-035,C:\Users\User\Documents\UKM\Project\Dataset\Consolidated Dataset\organized\anger\samm-035_4_1-anger.jpg,anger
samm-035,C:\Users\User\Documents\UKM\Project\Dataset\Consolidated Dataset\organized\anger\samm-035_4_2-anger.jpg,anger
samm-035,C:\Users\User\Documents\UKM\Project\Dataset\Consolidated Dataset\organized\sadness\samm-035_5_2-sadness.jpg,sadness
samm-035,C:\Users\User\Documents\UKM\Project\Dataset\Consolidated Dataset\organized\fear\samm-035_5_3-fear.jpg,fear
samm-035,C:\Users\User\Documents\UKM\Project\Dataset\Consolidated Dataset\organized\fear\samm-035_6_3-fear.jpg,fear
samm-035,C:\Users\User\Documents\UKM\Project\Dataset\Consolidated Dataset\organized\surprise\samm-035_7_1-surprise.jpg,surprise
samm-035,C:\Users\User\Documents\UKM\Project\Dataset\Consolidated Dataset\organized\contempt\samm-035_7_2-contempt.jpg,contempt
samm-036,C:\Users\User\Documents\UKM\Project\Dataset\Consolidated Dataset\organized\disgust\samm-036_7_3-disgust.jpg,disgust
samm-037,C:\Users\User\Documents\UKM\Project\Dataset\Consolidated Dataset\organized\anger\samm-037_3_2-anger.jpg,anger
smic-s1,C:\Users\User\Documents\UKM\Project\Dataset\Consolidated Dataset\organized\surprise\smic-s1_04-1-surprise.jpg,surprise
smic-s1,C:\Users\User\Documents\UKM\Project\Dataset\Consolidated Dataset\organized\disgust\smic-s1_06-1-disgust.jpg,disgust
smic-s1,C:\Users\User\Documents\UKM\Project\Dataset\Consolidated Dataset\organized\disgust\smic-s1_07-1-disgust.jpg,disgust
smic-s1,C:\Users\User\Documents\UKM\Project\Dataset\Consolidated Dataset\organized\fear\smic-s1_32-1-fear.jpg,fear
smic-s1,C:\Users\User\Documents\UKM\Project\Dataset\Consolidated Dataset\organized\happiness\smic-s1_44-1-happiness.jpg,happiness
smic-s1,C:\Users\User\Documents\UKM\Project\Dataset\Consolidated Dataset\organized\happiness\smic-s1_44-2-happiness.jpg,happiness
smic-s2,C:\Users\User\Documents\UKM\Project\Dataset\Consolidated Dataset\organized\surprise\smic-s2_04-1-surprise.jpg,surprise
smic-s2,C:\Users\User\Documents\UKM\Project\Dataset\Consolidated Dataset\organized\surprise\smic-s2_08-1-surprise.jpg,surprise
smic-s2,C:\Users\User\Documents\UKM\Project\Dataset\Consolidated Dataset\organized\surprise\smic-s2_09-1-surprise.jpg,surprise
smic-s2,C:\Users\User\Documents\UKM\Project\Dataset\Consolidated Dataset\organized\surprise\smic-s2_14-1-surprise.jpg,surprise
smic-s3,C:\Users\User\Documents\UKM\Project\Dataset\Consolidated Dataset\organized\disgust\smic-s3_02-1-disgust.jpg,disgust
smic-s3,C:\Users\User\Documents\UKM\Project\Dataset\Consolidated Dataset\organized\happiness\smic-s3_06-1-happiness.jpg,happiness
smic-s3,C:\Users\User\Documents\UKM\Project\Dataset\Consolidated Dataset\organized\happiness\smic-s3_11-1-happiness.jpg,happiness
smic-s3,C:\Users\User\Documents\UKM\Project\Dataset\Consolidated Dataset\organized\happiness\smic-s3_12-1-happiness.jpg,happiness
smic-s3,C:\Users\User\Documents\UKM\Project\Dataset\Consolidated Dataset\organized\happiness\smic-s3_12-2-happiness.jpg,happiness
smic-s3,C:\Users\User\Documents\UKM\Project\Dataset\Consolidated Dataset\organized\sadness\smic-s3_14-1-sadness.jpg,sadness
smic-s3,C:\Users\User\Documents\UKM\Project\Dataset\Consolidated Dataset\organized\surprise\smic-s3_14-2-surprise.jpg,surprise
smic-s3,C:\Users\User\Documents\UKM\Project\Dataset\Consolidated Dataset\organized\sadness\smic-s3_14-3-sadness.jpg,sadness
smic-s3,C:\Users\User\Documents\UKM\Project\Dataset\Consolidated Dataset\organized\sadness\smic-s3_15-1-sadness.jpg,sadness
smic-s3,C:\Users\User\Documents\UKM\Project\Dataset\Consolidated Dataset\organized\happiness\smic-s3_15-2-happiness.jpg,happiness
smic-s3,C:\Users\User\Documents\UKM\Project\Dataset\Consolidated Dataset\organized\sadness\smic-s3_15-3-sadness.jpg,sadness
smic-s3,C:\Users\User\Documents\UKM\Project\Dataset\Consolidated Dataset\organized\sadness\smic-s3_16-1-sadness.jpg,sadness
smic-s3,C:\Users\User\Documents\UKM\Project\Dataset\Consolidated Dataset\organized\surprise\smic-s3_16-2-surprise.jpg,surprise
smic-s3,C:\Users\User\Documents\UKM\Project\Dataset\Consolidated Dataset\organized\fear\smic-s3_20-1-fear.jpg,fear
smic-s3,C:\Users\User\Documents\UKM\Project\Dataset\Consolidated Dataset\organized\fear\smic-s3_29-1-fear.jpg,fear
smic-s3,C:\Users\User\Documents\UKM\Project\Dataset\Consolidated Dataset\organized\fear\smic-s3_29-2-fear.jpg,fear
smic-s3,C:\Users\User\Documents\UKM\Project\Dataset\Consolidated Dataset\organized\sadness\smic-s3_30-1-sadness.jpg,sadness
smic-s3,C:\Users\User\Documents\UKM\Project\Dataset\Consolidated Dataset\organized\fear\smic-s3_31-1-fear.jpg,fear
smic-s3,C:\Users\User\Documents\UKM\Project\Dataset\Consolidated Dataset\organized\happiness\smic-s3_35-1-happiness.jpg,happiness
smic-s3,C:\Users\User\Documents\UKM\Project\Dataset\Consolidated Dataset\organized\happiness\smic-s3_37-1-happiness.jpg,happiness
smic-s3,C:\Users\User\Documents\UKM\Project\Dataset\Consolidated Dataset\organized\sadness\smic-s3_37-2-sadness.jpg,sadness
smic-s3,C:\Users\User\Documents\UKM\Project\Dataset\Consolidated Dataset\organized\surprise\smic-s3_40-1-surprise.jpg,surprise
smic-s3,C:\Users\User\Documents\UKM\Project\Dataset\Consolidated Dataset\organized\surprise\smic-s3_40-2-surprise.jpg,surprise
smic-s3,C:\Users\User\Documents\UKM\Project\Dataset\Consolidated Dataset\organized\fear\smic-s3_41-1-fear.jpg,fear
smic-s3,C:\Users\User\Documents\UKM\Project\Dataset\Consolidated Dataset\organized\surprise\smic-s3_41-2-surprise.jpg,surprise
smic-s3,C:\Users\User\Documents\UKM\Project\Dataset\Consolidated Dataset\organized\happiness\smic-s3_41-3-happiness.jpg,happiness
smic-s3,C:\Users\User\Documents\UKM\Project\Dataset\Consolidated Dataset\organized\surprise\smic-s3_41-4-surprise.jpg,surprise
smic-s3,C:\Users\User\Documents\UKM\Project\Dataset\Consolidated Dataset\organized\happiness\smic-s3_41-5-happiness.jpg,happiness
smic-s3,C:\Users\User\Documents\UKM\Project\Dataset\Consolidated Dataset\organized\surprise\smic-s3_41-6-surprise.jpg,surprise
smic-s3,C:\Users\User\Documents\UKM\Project\Dataset\Consolidated Dataset\organized\fear\smic-s3_43-1-fear.jpg,fear
smic-s3,C:\Users\User\Documents\UKM\Project\Dataset\Consolidated Dataset\organized\fear\smic-s3_47-1-fear.jpg,fear
smic-s3,C:\Users\User\Documents\UKM\Project\Dataset\Consolidated Dataset\organized\disgust\smic-s3_47-2-disgust.jpg,disgust
smic-s3,C:\Users\User\Documents\UKM\Project\Dataset\Consolidated Dataset\organized\disgust\smic-s3_47-3-disgust.jpg,disgust
smic-s3,C:\Users\User\Documents\UKM\Project\Dataset\Consolidated Dataset\organized\disgust\smic-s3_48-1-disgust.jpg,disgust
smic-s3,C:\Users\User\Documents\UKM\Project\Dataset\Consolidated Dataset\organized\fear\smic-s3_48-2-fear.jpg,fear
smic-s3,C:\Users\User\Documents\UKM\Project\Dataset\Consolidated Dataset\organized\happiness\smic-s3_52-1-happiness.jpg,happiness
smic-s3,C:\Users\User\Documents\UKM\Project\Dataset\Consolidated Dataset\organized\happiness\smic-s3_52-2-happiness.jpg,happiness
smic-s3,C:\Users\User\Documents\UKM\Project\Dataset\Consolidated Dataset\organized\fear\smic-s3_52-3-fear.jpg,fear
smic-s4,C:\Users\User\Documents\UKM\Project\Dataset\Consolidated Dataset\organized\happiness\smic-s4_02-1-happiness.jpg,happiness
smic-s4,C:\Users\User\Documents\UKM\Project\Dataset\Consolidated Dataset\organized\surprise\smic-s4_09-1-surprise.jpg,surprise
smic-s4,C:\Users\User\Documents\UKM\Project\Dataset\Consolidated Dataset\organized\surprise\smic-s4_11-1-surprise.jpg,surprise
smic-s4,C:\Users\User\Documents\UKM\Project\Dataset\Consolidated Dataset\organized\happiness\smic-s4_14-1-happiness.jpg,happiness
smic-s4,C:\Users\User\Documents\UKM\Project\Dataset\Consolidated Dataset\organized\surprise\smic-s4_15-1-surprise.jpg,surprise
smic-s4,C:\Users\User\Documents\UKM\Project\Dataset\Consolidated Dataset\organized\surprise\smic-s4_16-1-surprise.jpg,surprise
smic-s4,C:\Users\User\Documents\UKM\Project\Dataset\Consolidated Dataset\organized\sadness\smic-s4_20-1-sadness.jpg,sadness
smic-s4,C:\Users\User\Documents\UKM\Project\Dataset\Consolidated Dataset\organized\fear\smic-s4_31-1-fear.jpg,fear
smic-s4,C:\Users\User\Documents\UKM\Project\Dataset\Consolidated Dataset\organized\fear\smic-s4_32-1-fear.jpg,fear
smic-s4,C:\Users\User\Documents\UKM\Project\Dataset\Consolidated Dataset\organized\happiness\smic-s4_36-1-happiness.jpg,happiness
smic-s4,C:\Users\User\Documents\UKM\Project\Dataset\Consolidated Dataset\organized\happiness\smic-s4_43-1-happiness.jpg,happiness
smic-s4,C:\Users\User\Documents\UKM\Project\Dataset\Consolidated Dataset\organized\surprise\smic-s4_44-1-surprise.jpg,surprise
smic-s4,C:\Users\User\Documents\UKM\Project\Dataset\Consolidated Dataset\organized\disgust\smic-s4_50-1-disgust.jpg,disgust
smic-s4,C:\Users\User\Documents\UKM\Project\Dataset\Consolidated Dataset\organized\disgust\smic-s4_50-2-disgust.jpg,disgust
smic-s4,C:\Users\User\Documents\UKM\Project\Dataset\Consolidated Dataset\organized\disgust\smic-s4_50-3-disgust.jpg,disgust
smic-s4,C:\Users\User\Documents\UKM\Project\Dataset\Consolidated Dataset\organized\fear\smic-s4_53-1-fear.jpg,fear
smic-s4,C:\Users\User\Documents\UKM\Project\Dataset\Consolidated Dataset\organized\fear\smic-s4_53-2-fear.jpg,fear
smic-s4,C:\Users\User\Documents\UKM\Project\Dataset\Consolidated Dataset\organized\disgust\smic-s4_54-1-disgust.jpg,disgust
smic-s4,C:\Users\User\Documents\UKM\Project\Dataset\Consolidated Dataset\organized\fear\smic-s4_57-1-fear.jpg,fear
smic-s5,C:\Users\User\Documents\UKM\Project\Dataset\Consolidated Dataset\organized\surprise\smic-s5_24-1-surprise.jpg,surprise
smic-s5,C:\Users\User\Documents\UKM\Project\Dataset\Consolidated Dataset\organized\fear\smic-s5_63-1-fear.jpg,fear
smic-s6,C:\Users\User\Documents\UKM\Project\Dataset\Consolidated Dataset\organized\surprise\smic-s6_22-1-surprise.jpg,surprise
smic-s6,C:\Users\User\Documents\UKM\Project\Dataset\Consolidated Dataset\organized\surprise\smic-s6_45-1-surprise.jpg,surprise
